label,sentence1,sentence2
0,"A partir daí, a tecnologia do Face ID fica em segundo plano para que o desbloqueio do smartphone seja mais veloz.",nível secundário
0,"A partir daí, a tecnologia do Face ID fica em segundo plano para que o desbloqueio do smartphone seja mais veloz.",prioridade secundária
1,"A partir daí, a tecnologia do Face ID fica em segundo plano para que o desbloqueio do smartphone seja mais veloz.",executar de fundo
0,"A partir daí, a tecnologia do Face ID fica em segundo plano para que o desbloqueio do smartphone seja mais veloz.",Proper Noun
0,"A partir daí, a tecnologia do Face ID fica em segundo plano para que o desbloqueio do smartphone seja mais veloz.",Meta Usage
1,"Os ataques das forças de segurança ocorreram simultaneamente à comemoração do Dia das Forças Armadas, que vem sendo comemorado em Naypyidó com um desfile militar presidido por Min Aung Hlaing, 64 anos.",parada militar
0,"Os ataques das forças de segurança ocorreram simultaneamente à comemoração do Dia das Forças Armadas, que vem sendo comemorado em Naypyidó com um desfile militar presidido por Min Aung Hlaing, 64 anos.",Proper Noun
0,"Os ataques das forças de segurança ocorreram simultaneamente à comemoração do Dia das Forças Armadas, que vem sendo comemorado em Naypyidó com um desfile militar presidido por Min Aung Hlaing, 64 anos.",Meta Usage
0,"Como em todo clássico, o sangue quente apareceu.",plasma cálido
1,"Como em todo clássico, o sangue quente apareceu.",raiva impulsiva
0,"Como em todo clássico, o sangue quente apareceu.",cheio de ardor
0,"Como em todo clássico, o sangue quente apareceu.",Proper Noun
0,"Como em todo clássico, o sangue quente apareceu.",Meta Usage
1,"Os tritilodontídeos em geral eram semelhantes aos mamíferos: eles provavelmente tinham sangue quente e várias características esqueléticas, especialmente com seus membros, que se alinhavam mais com o que os mamíferos tinham do que seus contemporâneos reptilianos.",plasma cálido
0,"Os tritilodontídeos em geral eram semelhantes aos mamíferos: eles provavelmente tinham sangue quente e várias características esqueléticas, especialmente com seus membros, que se alinhavam mais com o que os mamíferos tinham do que seus contemporâneos reptilianos.",raiva impulsiva
0,"Os tritilodontídeos em geral eram semelhantes aos mamíferos: eles provavelmente tinham sangue quente e várias características esqueléticas, especialmente com seus membros, que se alinhavam mais com o que os mamíferos tinham do que seus contemporâneos reptilianos.",cheio de ardor
0,"Os tritilodontídeos em geral eram semelhantes aos mamíferos: eles provavelmente tinham sangue quente e várias características esqueléticas, especialmente com seus membros, que se alinhavam mais com o que os mamíferos tinham do que seus contemporâneos reptilianos.",Proper Noun
0,"Os tritilodontídeos em geral eram semelhantes aos mamíferos: eles provavelmente tinham sangue quente e várias características esqueléticas, especialmente com seus membros, que se alinhavam mais com o que os mamíferos tinham do que seus contemporâneos reptilianos.",Meta Usage
1,"Segundo a empresa, a intenção foi construir um alto-falante potente, fino, que não ocupasse muito espaço na mobília e caso haja intenção, possa ser disfarçado como artigo de decoração.",caixa de som
0,"Segundo a empresa, a intenção foi construir um alto-falante potente, fino, que não ocupasse muito espaço na mobília e caso haja intenção, possa ser disfarçado como artigo de decoração.",Proper Noun
0,"Segundo a empresa, a intenção foi construir um alto-falante potente, fino, que não ocupasse muito espaço na mobília e caso haja intenção, possa ser disfarçado como artigo de decoração.",Meta Usage
0,O preço também varia para cima quando o destino está na alta temporada.,elevada época
1,O preço também varia para cima quando o destino está na alta temporada.,época de férias
0,O preço também varia para cima quando o destino está na alta temporada.,Proper Noun
0,O preço também varia para cima quando o destino está na alta temporada.,Meta Usage
0,"Após o avistamento de um disco voador e seu misterioso passageiro, a história se divide em duas frentes.",círculo voante
1,"Após o avistamento de um disco voador e seu misterioso passageiro, a história se divide em duas frentes.",ovni
0,"Após o avistamento de um disco voador e seu misterioso passageiro, a história se divide em duas frentes.",Proper Noun
0,"Após o avistamento de um disco voador e seu misterioso passageiro, a história se divide em duas frentes.",Meta Usage
0,"O aumento da cobertura do benefício confere mais estabilidade financeira ao estudante”, destaca primeira-dama",mulher inicial
1,"O aumento da cobertura do benefício confere mais estabilidade financeira ao estudante”, destaca primeira-dama",esposa de quem governa
0,"O aumento da cobertura do benefício confere mais estabilidade financeira ao estudante”, destaca primeira-dama",Proper Noun
0,"O aumento da cobertura do benefício confere mais estabilidade financeira ao estudante”, destaca primeira-dama",Meta Usage
0,"O filme acompanha Gela Kolochovi, um caixeiro viajante que circula por uma regiao rural da Republica da Georgia.",empregado viageiro
1,"O filme acompanha Gela Kolochovi, um caixeiro viajante que circula por uma regiao rural da Republica da Georgia.",vendedor ambulante
0,"O filme acompanha Gela Kolochovi, um caixeiro viajante que circula por uma regiao rural da Republica da Georgia.",Proper Noun
0,"O filme acompanha Gela Kolochovi, um caixeiro viajante que circula por uma regiao rural da Republica da Georgia.",Meta Usage
1,"Era um homem prático e objetivo”, orgulha-se Fábio, que se mudou para São Paulo em 1994, e trabalhou inicialmente como um caixeiro viajante, um representante comercial.",empregado viageiro
0,"Era um homem prático e objetivo”, orgulha-se Fábio, que se mudou para São Paulo em 1994, e trabalhou inicialmente como um caixeiro viajante, um representante comercial.",vendedor ambulante
0,"Era um homem prático e objetivo”, orgulha-se Fábio, que se mudou para São Paulo em 1994, e trabalhou inicialmente como um caixeiro viajante, um representante comercial.",Proper Noun
0,"Era um homem prático e objetivo”, orgulha-se Fábio, que se mudou para São Paulo em 1994, e trabalhou inicialmente como um caixeiro viajante, um representante comercial.",Meta Usage
0,"Ou as travas existem, mas quem deveria punir faz vista grossa?",visão espessa
1,"Ou as travas existem, mas quem deveria punir faz vista grossa?",fingir que não viu
0,"Ou as travas existem, mas quem deveria punir faz vista grossa?",Proper Noun
0,"Ou as travas existem, mas quem deveria punir faz vista grossa?",Meta Usage
0,"O sábio ia à frente, com os discípulos seguindo em silêncio atrás, em fila indiana (literalmente).",linha índia
1,"O sábio ia à frente, com os discípulos seguindo em silêncio atrás, em fila indiana (literalmente).",fila
0,"O sábio ia à frente, com os discípulos seguindo em silêncio atrás, em fila indiana (literalmente).",Proper Noun
0,"O sábio ia à frente, com os discípulos seguindo em silêncio atrás, em fila indiana (literalmente).",Meta Usage
0,"É como se caísse em um limbo, um buraco negro"", declarou.",furo preto
0,"É como se caísse em um limbo, um buraco negro"", declarou.",horizonte de eventos
1,"É como se caísse em um limbo, um buraco negro"", declarou.",desaparecimento
0,"É como se caísse em um limbo, um buraco negro"", declarou.",Proper Noun
0,"É como se caísse em um limbo, um buraco negro"", declarou.",Meta Usage
1,"No entanto, era um alarme falso: "" Anne tinha ido para o camarim por um minuto.",engano
0,"No entanto, era um alarme falso: "" Anne tinha ido para o camarim por um minuto.",Proper Noun
0,"No entanto, era um alarme falso: "" Anne tinha ido para o camarim por um minuto.",Meta Usage
1,"Além disso, o governo federal tem o compromisso de não deixar obras paralisadas e de terminar empreendimentos em andamento.",governo
0,"Além disso, o governo federal tem o compromisso de não deixar obras paralisadas e de terminar empreendimentos em andamento.",Proper Noun
0,"Além disso, o governo federal tem o compromisso de não deixar obras paralisadas e de terminar empreendimentos em andamento.",Meta Usage
1,Parte deles acredita que as mudanças sinalizam uma tentativa de Jair Bolsonaro (sem partido) endurecer o regime político.,sistema político
0,Parte deles acredita que as mudanças sinalizam uma tentativa de Jair Bolsonaro (sem partido) endurecer o regime político.,Proper Noun
0,Parte deles acredita que as mudanças sinalizam uma tentativa de Jair Bolsonaro (sem partido) endurecer o regime político.,Meta Usage
0,"É mais fácil achar um bode expiatório do que encontrar a real fonte, que é dentro das nossas casas"", completou.",bode castigado
1,"É mais fácil achar um bode expiatório do que encontrar a real fonte, que é dentro das nossas casas"", completou.",culpado injustamente
0,"É mais fácil achar um bode expiatório do que encontrar a real fonte, que é dentro das nossas casas"", completou.",Proper Noun
0,"É mais fácil achar um bode expiatório do que encontrar a real fonte, que é dentro das nossas casas"", completou.",Meta Usage
0,As publicações de Abboud estão costuradas por um fio condutor comum: a luta pela autonomia do direito e o reconhecimento de sua relevância para a manutenção de um Estado Constitucional.,cordão transmissor
1,As publicações de Abboud estão costuradas por um fio condutor comum: a luta pela autonomia do direito e o reconhecimento de sua relevância para a manutenção de um Estado Constitucional.,tema principal
0,As publicações de Abboud estão costuradas por um fio condutor comum: a luta pela autonomia do direito e o reconhecimento de sua relevância para a manutenção de um Estado Constitucional.,Proper Noun
0,As publicações de Abboud estão costuradas por um fio condutor comum: a luta pela autonomia do direito e o reconhecimento de sua relevância para a manutenção de um Estado Constitucional.,Meta Usage
1,"Essa corrente eletrica e coletada e migra, atraves de um circuito externo (como um fio condutor), para uma segunda camara onde ocorre uma reaçao quimica.",cordão transmissor
0,"Essa corrente eletrica e coletada e migra, atraves de um circuito externo (como um fio condutor), para uma segunda camara onde ocorre uma reaçao quimica.",tema principal
0,"Essa corrente eletrica e coletada e migra, atraves de um circuito externo (como um fio condutor), para uma segunda camara onde ocorre uma reaçao quimica.",Proper Noun
0,"Essa corrente eletrica e coletada e migra, atraves de um circuito externo (como um fio condutor), para uma segunda camara onde ocorre uma reaçao quimica.",Meta Usage
0,"O atual número dois do Itamaraty, que era braço direito do ex-ministro da pasta Ernesto Araújo, deverá ser sabatinado pela Comissão de Relações Exteriores (CRE), hoje presidida pela senadora Kátia Abreu (PP-TO).",membro destro
1,"O atual número dois do Itamaraty, que era braço direito do ex-ministro da pasta Ernesto Araújo, deverá ser sabatinado pela Comissão de Relações Exteriores (CRE), hoje presidida pela senadora Kátia Abreu (PP-TO).",ajudante principal
0,"O atual número dois do Itamaraty, que era braço direito do ex-ministro da pasta Ernesto Araújo, deverá ser sabatinado pela Comissão de Relações Exteriores (CRE), hoje presidida pela senadora Kátia Abreu (PP-TO).",Proper Noun
0,"O atual número dois do Itamaraty, que era braço direito do ex-ministro da pasta Ernesto Araújo, deverá ser sabatinado pela Comissão de Relações Exteriores (CRE), hoje presidida pela senadora Kátia Abreu (PP-TO).",Meta Usage
0,"Em ""O Braço Direito"" conhecemos a historia de Anselmo, um ex-investigador da Policia Civil que agora atua clandestinamente no Mercado de Açoes como o homem de confiança e ""faz-tudo"" de um magnata da Bovespa.",membro destro
0,"Em ""O Braço Direito"" conhecemos a historia de Anselmo, um ex-investigador da Policia Civil que agora atua clandestinamente no Mercado de Açoes como o homem de confiança e ""faz-tudo"" de um magnata da Bovespa.",ajudante principal
1,"Em ""O Braço Direito"" conhecemos a historia de Anselmo, um ex-investigador da Policia Civil que agora atua clandestinamente no Mercado de Açoes como o homem de confiança e ""faz-tudo"" de um magnata da Bovespa.",Proper Noun
0,"Em ""O Braço Direito"" conhecemos a historia de Anselmo, um ex-investigador da Policia Civil que agora atua clandestinamente no Mercado de Açoes como o homem de confiança e ""faz-tudo"" de um magnata da Bovespa.",Meta Usage
0,Um cão de raça pastor alemão foi encontrado preso na parte de baixo de uma carrinha. ,pegureiro germânico
1,Um cão de raça pastor alemão foi encontrado preso na parte de baixo de uma carrinha. ,cachorro
0,Um cão de raça pastor alemão foi encontrado preso na parte de baixo de uma carrinha. ,Proper Noun
0,Um cão de raça pastor alemão foi encontrado preso na parte de baixo de uma carrinha. ,Meta Usage
0,Meu sonho era colocar meu filho no Colégio Militar.,escola bélica
1,Meu sonho era colocar meu filho no Colégio Militar.,escola militar
0,Meu sonho era colocar meu filho no Colégio Militar.,Proper Noun
0,Meu sonho era colocar meu filho no Colégio Militar.,Meta Usage
0,"Atualmente, ele trabalhava na Diretoria de Pessoal Militar (DPM), mas já serviu no Gtop 21. Também foi professor do Colégio Militar Tiradentes.",escola bélica
0,"Atualmente, ele trabalhava na Diretoria de Pessoal Militar (DPM), mas já serviu no Gtop 21. Também foi professor do Colégio Militar Tiradentes.",escola militar
1,"Atualmente, ele trabalhava na Diretoria de Pessoal Militar (DPM), mas já serviu no Gtop 21. Também foi professor do Colégio Militar Tiradentes.",Proper Noun
0,"Atualmente, ele trabalhava na Diretoria de Pessoal Militar (DPM), mas já serviu no Gtop 21. Também foi professor do Colégio Militar Tiradentes.",Meta Usage
1,"Um cão policial tem muitas habilidades — detectar drogas, artigos ilícitos, ou pessoas —, mas farejando e encontrando rolo de papel higiênico, você já tinha visto?",papel
0,"Um cão policial tem muitas habilidades — detectar drogas, artigos ilícitos, ou pessoas —, mas farejando e encontrando rolo de papel higiênico, você já tinha visto?",Proper Noun
0,"Um cão policial tem muitas habilidades — detectar drogas, artigos ilícitos, ou pessoas —, mas farejando e encontrando rolo de papel higiênico, você já tinha visto?",Meta Usage
1,O HC está transformando sala cirúrgica em leito de UTI. ,sala de cirurgia
0,O HC está transformando sala cirúrgica em leito de UTI. ,Proper Noun
0,O HC está transformando sala cirúrgica em leito de UTI. ,Meta Usage
1,"A tecnologia está em análise desde 2014, mas o primeiro grande passo foi dado em fevereiro, às vésperas das celebrações do ano-novo lunar, quando o Banco Popular da China distribuiu, por sorteio, pacotes de 200 e-yuans (cerca de 170 reais) a dezenas de milhares de pessoas.",reveillon
0,"A tecnologia está em análise desde 2014, mas o primeiro grande passo foi dado em fevereiro, às vésperas das celebrações do ano-novo lunar, quando o Banco Popular da China distribuiu, por sorteio, pacotes de 200 e-yuans (cerca de 170 reais) a dezenas de milhares de pessoas.",Proper Noun
0,"A tecnologia está em análise desde 2014, mas o primeiro grande passo foi dado em fevereiro, às vésperas das celebrações do ano-novo lunar, quando o Banco Popular da China distribuiu, por sorteio, pacotes de 200 e-yuans (cerca de 170 reais) a dezenas de milhares de pessoas.",Meta Usage
0,"Em uma frigideira, aqueça o óleo, frite rapidamente os feijões, tempere com sal e pimenta, finalize com o cheiro-verde.",odor esverdeado
1,"Em uma frigideira, aqueça o óleo, frite rapidamente os feijões, tempere com sal e pimenta, finalize com o cheiro-verde.",tempero
0,"Em uma frigideira, aqueça o óleo, frite rapidamente os feijões, tempere com sal e pimenta, finalize com o cheiro-verde.",Proper Noun
0,"Em uma frigideira, aqueça o óleo, frite rapidamente os feijões, tempere com sal e pimenta, finalize com o cheiro-verde.",Meta Usage
0,O que se sabe com certeza sobre a roleta russa e que ela e uma referencia para escritores e produtores cinematograficos de todo o mundo.,roda moscovita
1,O que se sabe com certeza sobre a roleta russa e que ela e uma referencia para escritores e produtores cinematograficos de todo o mundo.,jogo de azar
0,O que se sabe com certeza sobre a roleta russa e que ela e uma referencia para escritores e produtores cinematograficos de todo o mundo.,Proper Noun
0,O que se sabe com certeza sobre a roleta russa e que ela e uma referencia para escritores e produtores cinematograficos de todo o mundo.,Meta Usage
0,"Na ausencia de evidencias empiricas suficientes, eles recorrem a sorte e a uma arma, realizando um experimento muito semelhante ao que hoje e amplamente conhecido como roleta russa, um misterioso ""jogo"" mortal envolto em misterio.",roda moscovita
0,"Na ausencia de evidencias empiricas suficientes, eles recorrem a sorte e a uma arma, realizando um experimento muito semelhante ao que hoje e amplamente conhecido como roleta russa, um misterioso ""jogo"" mortal envolto em misterio.",jogo de azar
1,"Na ausencia de evidencias empiricas suficientes, eles recorrem a sorte e a uma arma, realizando um experimento muito semelhante ao que hoje e amplamente conhecido como roleta russa, um misterioso ""jogo"" mortal envolto em misterio.",Proper Noun
0,"Na ausencia de evidencias empiricas suficientes, eles recorrem a sorte e a uma arma, realizando um experimento muito semelhante ao que hoje e amplamente conhecido como roleta russa, um misterioso ""jogo"" mortal envolto em misterio.",Meta Usage
0,"Em comunicado, o centro comercial explica que ""desde a primeira hora adotou todas as medidas de higiene de segurança na prevenção à pandemia"".",congregação mercantil
1,"Em comunicado, o centro comercial explica que ""desde a primeira hora adotou todas as medidas de higiene de segurança na prevenção à pandemia"".",shopping
0,"Em comunicado, o centro comercial explica que ""desde a primeira hora adotou todas as medidas de higiene de segurança na prevenção à pandemia"".",Proper Noun
0,"Em comunicado, o centro comercial explica que ""desde a primeira hora adotou todas as medidas de higiene de segurança na prevenção à pandemia"".",Meta Usage
0,"Com a participação dos Rotary Clubs de Barueri-Alphaville, Barueri-Tamboré, Carapicuíba, Osasco, Jandira-Santana de Parnaíba-Aldeia da Serra e Barueri-Centro Comercial Alphaville, o objetivo é reforçar os estoques do sistema de saúde, quase esgotados por causa do agravamento da pandemia do novo coronavírus.",congregação mercantil
0,"Com a participação dos Rotary Clubs de Barueri-Alphaville, Barueri-Tamboré, Carapicuíba, Osasco, Jandira-Santana de Parnaíba-Aldeia da Serra e Barueri-Centro Comercial Alphaville, o objetivo é reforçar os estoques do sistema de saúde, quase esgotados por causa do agravamento da pandemia do novo coronavírus.",shopping
1,"Com a participação dos Rotary Clubs de Barueri-Alphaville, Barueri-Tamboré, Carapicuíba, Osasco, Jandira-Santana de Parnaíba-Aldeia da Serra e Barueri-Centro Comercial Alphaville, o objetivo é reforçar os estoques do sistema de saúde, quase esgotados por causa do agravamento da pandemia do novo coronavírus.",Proper Noun
0,"Com a participação dos Rotary Clubs de Barueri-Alphaville, Barueri-Tamboré, Carapicuíba, Osasco, Jandira-Santana de Parnaíba-Aldeia da Serra e Barueri-Centro Comercial Alphaville, o objetivo é reforçar os estoques do sistema de saúde, quase esgotados por causa do agravamento da pandemia do novo coronavírus.",Meta Usage
0,"O fato é que algumas pessoas parecem ter o sexto sentido mais aguçado e, seja por meio de um frio na barriga, um pensamento repentino, um sonho ou uma sensação diferente, sabem o melhor caminho a seguir e a melhor escolha a fazer.",sexta percepção
1,"O fato é que algumas pessoas parecem ter o sexto sentido mais aguçado e, seja por meio de um frio na barriga, um pensamento repentino, um sonho ou uma sensação diferente, sabem o melhor caminho a seguir e a melhor escolha a fazer.",intuição
0,"O fato é que algumas pessoas parecem ter o sexto sentido mais aguçado e, seja por meio de um frio na barriga, um pensamento repentino, um sonho ou uma sensação diferente, sabem o melhor caminho a seguir e a melhor escolha a fazer.",Proper Noun
0,"O fato é que algumas pessoas parecem ter o sexto sentido mais aguçado e, seja por meio de um frio na barriga, um pensamento repentino, um sonho ou uma sensação diferente, sabem o melhor caminho a seguir e a melhor escolha a fazer.",Meta Usage
0,"Ao contrário dos gastos comuns de política fiscal, acompanhamos nos Estados Unidos a compra de títulos públicos e privados por parte do Banco Central, o Federal Reserve, o que significou que muitos dos recursos utilizados pelo Governo para o combate à crise não foram totalmente alocados para os mais pobres, aqueles que consomem mais itens de primeira necessidade, o que causa impacto à inflação de maneira mais direta e severa.",exigência inicial
1,"Ao contrário dos gastos comuns de política fiscal, acompanhamos nos Estados Unidos a compra de títulos públicos e privados por parte do Banco Central, o Federal Reserve, o que significou que muitos dos recursos utilizados pelo Governo para o combate à crise não foram totalmente alocados para os mais pobres, aqueles que consomem mais itens de primeira necessidade, o que causa impacto à inflação de maneira mais direta e severa.",indispensável
0,"Ao contrário dos gastos comuns de política fiscal, acompanhamos nos Estados Unidos a compra de títulos públicos e privados por parte do Banco Central, o Federal Reserve, o que significou que muitos dos recursos utilizados pelo Governo para o combate à crise não foram totalmente alocados para os mais pobres, aqueles que consomem mais itens de primeira necessidade, o que causa impacto à inflação de maneira mais direta e severa.",Proper Noun
0,"Ao contrário dos gastos comuns de política fiscal, acompanhamos nos Estados Unidos a compra de títulos públicos e privados por parte do Banco Central, o Federal Reserve, o que significou que muitos dos recursos utilizados pelo Governo para o combate à crise não foram totalmente alocados para os mais pobres, aqueles que consomem mais itens de primeira necessidade, o que causa impacto à inflação de maneira mais direta e severa.",Meta Usage
1,"A participação no processo seletivo possui uma taxa de inscrição no valor de R53,00, para candidatos da comunidade, que deve ser paga via boleto.",seleção
0,"A participação no processo seletivo possui uma taxa de inscrição no valor de R53,00, para candidatos da comunidade, que deve ser paga via boleto.",Proper Noun
0,"A participação no processo seletivo possui uma taxa de inscrição no valor de R53,00, para candidatos da comunidade, que deve ser paga via boleto.",Meta Usage
1,"Os cento e tantos átomos são, na verdade, arranjos de três partículas mais elementares --prótons e nêutrons aglutinados em um núcleo atômico, com elétrons orbitando esse núcleo.",cerne nuclear
0,"Os cento e tantos átomos são, na verdade, arranjos de três partículas mais elementares --prótons e nêutrons aglutinados em um núcleo atômico, com elétrons orbitando esse núcleo.",núcleo
0,"Os cento e tantos átomos são, na verdade, arranjos de três partículas mais elementares --prótons e nêutrons aglutinados em um núcleo atômico, com elétrons orbitando esse núcleo.",Proper Noun
0,"Os cento e tantos átomos são, na verdade, arranjos de três partículas mais elementares --prótons e nêutrons aglutinados em um núcleo atômico, com elétrons orbitando esse núcleo.",Meta Usage
1,O Garfos Restaurante trabalha com um cardapio baseado em comida caseira e visa oferecer refeiçoes de qualidade a um preço acessivel.,comida feita em casa
0,O Garfos Restaurante trabalha com um cardapio baseado em comida caseira e visa oferecer refeiçoes de qualidade a um preço acessivel.,Proper Noun
0,O Garfos Restaurante trabalha com um cardapio baseado em comida caseira e visa oferecer refeiçoes de qualidade a um preço acessivel.,Meta Usage
0,Briga por postagem em rede social termina em morte a tiros na Vila Margarida,malha comunitária
1,Briga por postagem em rede social termina em morte a tiros na Vila Margarida,rede de contatos
0,Briga por postagem em rede social termina em morte a tiros na Vila Margarida,Proper Noun
0,Briga por postagem em rede social termina em morte a tiros na Vila Margarida,Meta Usage
0,"Em outro momento, voltando ao tema do impasse do Orçamento, ele reforçou que a busca é por uma solução, que a briga tem “mérito” e que “sempre, em grande rebanho, tem uma ovelha negra”.",borrega preta
1,"Em outro momento, voltando ao tema do impasse do Orçamento, ele reforçou que a busca é por uma solução, que a briga tem “mérito” e que “sempre, em grande rebanho, tem uma ovelha negra”.",diferente
0,"Em outro momento, voltando ao tema do impasse do Orçamento, ele reforçou que a busca é por uma solução, que a briga tem “mérito” e que “sempre, em grande rebanho, tem uma ovelha negra”.",Proper Noun
0,"Em outro momento, voltando ao tema do impasse do Orçamento, ele reforçou que a busca é por uma solução, que a briga tem “mérito” e que “sempre, em grande rebanho, tem uma ovelha negra”.",Meta Usage
0,"Dia 30 é a vez de Julia Mestre subir ao palco com o repertório de Rita Lee, passeando por canções de diferentes períodos, como Ovelha Negra e Amor e Sexo.",borrega preta
0,"Dia 30 é a vez de Julia Mestre subir ao palco com o repertório de Rita Lee, passeando por canções de diferentes períodos, como Ovelha Negra e Amor e Sexo.",diferente
1,"Dia 30 é a vez de Julia Mestre subir ao palco com o repertório de Rita Lee, passeando por canções de diferentes períodos, como Ovelha Negra e Amor e Sexo.",Proper Noun
0,"Dia 30 é a vez de Julia Mestre subir ao palco com o repertório de Rita Lee, passeando por canções de diferentes períodos, como Ovelha Negra e Amor e Sexo.",Meta Usage
0,"Um empresário de Manaus topou esse desafio conosco do Campeonato Brasileiro feminino da A2 especificamente dessa competição e com esse sinal verde nós começamos a sondar algumas atletas e quando tivemos o sim de algumas jogadoras que já passaram pelo Iranduba nos momentos bons ali de 2016 e 2019, caso da Elisa, Vitória...aí nós vimos que conseguiríamos montar um bom time.",símbolo esverdeado
1,"Um empresário de Manaus topou esse desafio conosco do Campeonato Brasileiro feminino da A2 especificamente dessa competição e com esse sinal verde nós começamos a sondar algumas atletas e quando tivemos o sim de algumas jogadoras que já passaram pelo Iranduba nos momentos bons ali de 2016 e 2019, caso da Elisa, Vitória...aí nós vimos que conseguiríamos montar um bom time.",aprovação
0,"Um empresário de Manaus topou esse desafio conosco do Campeonato Brasileiro feminino da A2 especificamente dessa competição e com esse sinal verde nós começamos a sondar algumas atletas e quando tivemos o sim de algumas jogadoras que já passaram pelo Iranduba nos momentos bons ali de 2016 e 2019, caso da Elisa, Vitória...aí nós vimos que conseguiríamos montar um bom time.",Proper Noun
0,"Um empresário de Manaus topou esse desafio conosco do Campeonato Brasileiro feminino da A2 especificamente dessa competição e com esse sinal verde nós começamos a sondar algumas atletas e quando tivemos o sim de algumas jogadoras que já passaram pelo Iranduba nos momentos bons ali de 2016 e 2019, caso da Elisa, Vitória...aí nós vimos que conseguiríamos montar um bom time.",Meta Usage
1,"Quando Lewis Hamilton, que fez bela prova de recuperação, recebeu o sinal verde para largar, a Globo era líder em São Paulo com 5,2 pontos de frente para a Band (8,1 a 2,9).",símbolo esverdeado
0,"Quando Lewis Hamilton, que fez bela prova de recuperação, recebeu o sinal verde para largar, a Globo era líder em São Paulo com 5,2 pontos de frente para a Band (8,1 a 2,9).",aprovação
0,"Quando Lewis Hamilton, que fez bela prova de recuperação, recebeu o sinal verde para largar, a Globo era líder em São Paulo com 5,2 pontos de frente para a Band (8,1 a 2,9).",Proper Noun
0,"Quando Lewis Hamilton, que fez bela prova de recuperação, recebeu o sinal verde para largar, a Globo era líder em São Paulo com 5,2 pontos de frente para a Band (8,1 a 2,9).",Meta Usage
0,Livro aberto: Demi Lovato revelou a sua orientação sexual e como a descobriu,volume acessível
1,Livro aberto: Demi Lovato revelou a sua orientação sexual e como a descobriu,este é transparente
0,Livro aberto: Demi Lovato revelou a sua orientação sexual e como a descobriu,Proper Noun
0,Livro aberto: Demi Lovato revelou a sua orientação sexual e como a descobriu,Meta Usage
1,"A partir daí, a capa do último livro aberto será mostrada na tela sempre que o Kindle entrar em repouso.",volume acessível
0,"A partir daí, a capa do último livro aberto será mostrada na tela sempre que o Kindle entrar em repouso.",este é transparente
0,"A partir daí, a capa do último livro aberto será mostrada na tela sempre que o Kindle entrar em repouso.",Proper Noun
0,"A partir daí, a capa do último livro aberto será mostrada na tela sempre que o Kindle entrar em repouso.",Meta Usage
0,"O ponto forte da história é um grande cientista com uma grande ideia, mas para um sucesso sustentado é necessário construir sistemas para gerenciar as informações e os dados”, diz ele.",lugar duro
1,"O ponto forte da história é um grande cientista com uma grande ideia, mas para um sucesso sustentado é necessário construir sistemas para gerenciar as informações e os dados”, diz ele.",qualidade marcante
0,"O ponto forte da história é um grande cientista com uma grande ideia, mas para um sucesso sustentado é necessário construir sistemas para gerenciar as informações e os dados”, diz ele.",momento em que há alta chance
0,"O ponto forte da história é um grande cientista com uma grande ideia, mas para um sucesso sustentado é necessário construir sistemas para gerenciar as informações e os dados”, diz ele.",Proper Noun
0,"O ponto forte da história é um grande cientista com uma grande ideia, mas para um sucesso sustentado é necessário construir sistemas para gerenciar as informações e os dados”, diz ele.",Meta Usage
0,"Já no dia 14 de abril, o casal Geraldo Lino e Nair Gerônimo, moradores de Jales, levaram até a Santa Casa a doação de café, feijão, arroz, leite integral, açúcar, biscoito de água e sal, cebolas, batatas e outros alimentos perecíveis.",laticínio íntegro
1,"Já no dia 14 de abril, o casal Geraldo Lino e Nair Gerônimo, moradores de Jales, levaram até a Santa Casa a doação de café, feijão, arroz, leite integral, açúcar, biscoito de água e sal, cebolas, batatas e outros alimentos perecíveis.",isto é o leite
0,"Já no dia 14 de abril, o casal Geraldo Lino e Nair Gerônimo, moradores de Jales, levaram até a Santa Casa a doação de café, feijão, arroz, leite integral, açúcar, biscoito de água e sal, cebolas, batatas e outros alimentos perecíveis.",Proper Noun
0,"Já no dia 14 de abril, o casal Geraldo Lino e Nair Gerônimo, moradores de Jales, levaram até a Santa Casa a doação de café, feijão, arroz, leite integral, açúcar, biscoito de água e sal, cebolas, batatas e outros alimentos perecíveis.",Meta Usage
0,"Desafiados a reconfigurar toda a planta baixa e agregar cômodos mais proporcionais, os arquitetos do escritório NAME architecture criaram um terceiro quarto e banheiro.",planta pequena
1,"Desafiados a reconfigurar toda a planta baixa e agregar cômodos mais proporcionais, os arquitetos do escritório NAME architecture criaram um terceiro quarto e banheiro.",projeto de arquitetura
0,"Desafiados a reconfigurar toda a planta baixa e agregar cômodos mais proporcionais, os arquitetos do escritório NAME architecture criaram um terceiro quarto e banheiro.",Proper Noun
0,"Desafiados a reconfigurar toda a planta baixa e agregar cômodos mais proporcionais, os arquitetos do escritório NAME architecture criaram um terceiro quarto e banheiro.",Meta Usage
0,"A ideia alinha-se em determinado grau aos movimentos e percepçoes propostos pelo experimento cenico ""Expediçao Planta Baixa"", do Coletivo Projeto Casa.",planta pequena
0,"A ideia alinha-se em determinado grau aos movimentos e percepçoes propostos pelo experimento cenico ""Expediçao Planta Baixa"", do Coletivo Projeto Casa.",projeto de arquitetura
1,"A ideia alinha-se em determinado grau aos movimentos e percepçoes propostos pelo experimento cenico ""Expediçao Planta Baixa"", do Coletivo Projeto Casa.",Proper Noun
0,"A ideia alinha-se em determinado grau aos movimentos e percepçoes propostos pelo experimento cenico ""Expediçao Planta Baixa"", do Coletivo Projeto Casa.",Meta Usage
0,"Chegou o fim do ano e com ele as festas de Natal, de Ano Novo e, claro, o tradicional amigo secreto - ou amigo oculto, dependendo da região do Brasil.",companheiro escondido
1,"Chegou o fim do ano e com ele as festas de Natal, de Ano Novo e, claro, o tradicional amigo secreto - ou amigo oculto, dependendo da região do Brasil.",brincadeira de presentear
0,"Chegou o fim do ano e com ele as festas de Natal, de Ano Novo e, claro, o tradicional amigo secreto - ou amigo oculto, dependendo da região do Brasil.",Proper Noun
0,"Chegou o fim do ano e com ele as festas de Natal, de Ano Novo e, claro, o tradicional amigo secreto - ou amigo oculto, dependendo da região do Brasil.",Meta Usage
0,"Esta é a versão do app semelhante ao Amigo Oculto SMS, mas para quem tem iOS.",companheiro escondido
0,"Esta é a versão do app semelhante ao Amigo Oculto SMS, mas para quem tem iOS.",brincadeira de presentear
1,"Esta é a versão do app semelhante ao Amigo Oculto SMS, mas para quem tem iOS.",Proper Noun
0,"Esta é a versão do app semelhante ao Amigo Oculto SMS, mas para quem tem iOS.",Meta Usage
1,"Ethan Renner (Kevin Costner), veterano agente secreto, está à beira da morte.",espião
0,"Ethan Renner (Kevin Costner), veterano agente secreto, está à beira da morte.",Proper Noun
0,"Ethan Renner (Kevin Costner), veterano agente secreto, está à beira da morte.",Meta Usage
0,"Irritado com a mentira, o líder desejará matar os dois personagens a sangue frio, mas temerá que o Todo-Poderoso se vingue.",plasma gelado
1,"Irritado com a mentira, o líder desejará matar os dois personagens a sangue frio, mas temerá que o Todo-Poderoso se vingue.",sem escrúpulos
0,"Irritado com a mentira, o líder desejará matar os dois personagens a sangue frio, mas temerá que o Todo-Poderoso se vingue.",tranquilidade quando sob pressão
0,"Irritado com a mentira, o líder desejará matar os dois personagens a sangue frio, mas temerá que o Todo-Poderoso se vingue.",Proper Noun
0,"Irritado com a mentira, o líder desejará matar os dois personagens a sangue frio, mas temerá que o Todo-Poderoso se vingue.",Meta Usage
0,"A denúncia, que também implica Nilza dos Santos Miranda, Artemisia Mesquita de Almeida, Alcides Manuel do Nascimento e Jorge da Costa Carramanho Junior, é um dos desdobramento da Operação Sangue Frio, da Polícia Federal, que desarticulou esquema de fraudes em licitação e uso indevido de verba pública - também conhecida como “máfia do câncer”.",plasma gelado
0,"A denúncia, que também implica Nilza dos Santos Miranda, Artemisia Mesquita de Almeida, Alcides Manuel do Nascimento e Jorge da Costa Carramanho Junior, é um dos desdobramento da Operação Sangue Frio, da Polícia Federal, que desarticulou esquema de fraudes em licitação e uso indevido de verba pública - também conhecida como “máfia do câncer”.",sem escrúpulos
0,"A denúncia, que também implica Nilza dos Santos Miranda, Artemisia Mesquita de Almeida, Alcides Manuel do Nascimento e Jorge da Costa Carramanho Junior, é um dos desdobramento da Operação Sangue Frio, da Polícia Federal, que desarticulou esquema de fraudes em licitação e uso indevido de verba pública - também conhecida como “máfia do câncer”.",tranquilidade quando sob pressão
1,"A denúncia, que também implica Nilza dos Santos Miranda, Artemisia Mesquita de Almeida, Alcides Manuel do Nascimento e Jorge da Costa Carramanho Junior, é um dos desdobramento da Operação Sangue Frio, da Polícia Federal, que desarticulou esquema de fraudes em licitação e uso indevido de verba pública - também conhecida como “máfia do câncer”.",Proper Noun
0,"A denúncia, que também implica Nilza dos Santos Miranda, Artemisia Mesquita de Almeida, Alcides Manuel do Nascimento e Jorge da Costa Carramanho Junior, é um dos desdobramento da Operação Sangue Frio, da Polícia Federal, que desarticulou esquema de fraudes em licitação e uso indevido de verba pública - também conhecida como “máfia do câncer”.",Meta Usage
